[
  {
    "id": "nord",
    "name": "Nord",
    "description": "Hardy warriors from the frozen north, known for their resistance to cold and combat prowess",
    "traits": [
      {
        "name": "Frost Resistance",
        "description": "50% resistance to frost damage",
        "effect": {
          "type": "resistance",
          "value": 50,
          "target": "frost"
        }
      },
      {
        "name": "Battle Cry",
        "description": "Frightens nearby enemies for 30 seconds",
        "effect": {
          "type": "ability",
          "name": "battle_cry",
          "cooldown": 180
        }
      }
    ],
    "startingStats": {
      "health": 100,
      "mana": 50,
      "stamina": 100,
      "strength": 10,
      "intelligence": 5,
      "agility": 8
    }
  },
  {
    "id": "breton",
    "name": "Breton",
    "description": "Gifted with natural magical abilities and resistance to magical damage",
    "traits": [
      {
        "name": "Magic Resistance",
        "description": "25% resistance to all magical damage",
        "effect": {
          "type": "resistance",
          "value": 25,
          "target": "magical"
        }
      },
      {
        "name": "Dragon Skin",
        "description": "Absorbs 50% of incoming magical damage as mana",
        "effect": {
          "type": "ability",
          "name": "dragon_skin",
          "cooldown": 60
        }
      }
    ],
    "startingStats": {
      "health": 80,
      "mana": 100,
      "stamina": 70,
      "strength": 6,
      "intelligence": 12,
      "agility": 6
    }
  },
  {
    "id": "khajiit",
    "name": "Khajiit",
    "description": "Agile cat-like people with natural stealth abilities and night vision",
    "traits": [
      {
        "name": "Night Eye",
        "description": "Can see clearly in darkness",
        "effect": {
          "type": "passive",
          "name": "night_vision"
        }
      },
      {
        "name": "Claws",
        "description": "Unarmed attacks deal 15 points of damage",
        "effect": {
          "type": "passive",
          "name": "claw_damage",
          "value": 15
        }
      }
    ],
    "startingStats": {
      "health": 85,
      "mana": 60,
      "stamina": 90,
      "strength": 7,
      "intelligence": 6,
      "agility": 12
    }
  }
] 